[
  {
    "id": "1769731252971",
    "clientId": "gremio_cli_1769730967345",
    "cliente": {
      "nombre": "marcelo maidsna",
      "telefono": "+543424842417",
      "email": "marcelojmaidana@gmail.com",
      "direccion": "Ruperto Godoy 3362"
    },
    "productos": [
      {
        "id": "1769731014036",
        "tipo": "material",
        "categoria": "Lona Front 13 Oz",
        "producto": "90",
        "ancho": 300,
        "alto": 50,
        "cantidad": 1,
        "m2PorUnidad": 1.5,
        "m2Totales": 1.5,
        "costoMaterial": 1777.7777777777778,
        "costoUnitario": 2666.666666666667,
        "costoTotal": 2666.666666666667,
        "precioGremio": 9000,
        "precioUnitario": 13500,
        "total": 13500
      }
    ],
    "terceros": [
      {
        "id": "1769731041086",
        "tipo": "tercero",
        "nombre": "tensado",
        "cantidad": 1,
        "costo": 7000,
        "precioCliente": 14000,
        "unidad": "m²",
        "totalCosto": 7000,
        "total": 14000,
        "pagado": true,
        "fechaPago": "2026-01-30T01:42:45.877Z"
      }
    ],
    "costoTotal": 9666.67,
    "subtotal": 27500,
    "iva": 5775,
    "totalCliente": 33275,
    "ganancia": 23608.33,
    "anticipo": 0,
    "saldo": 33275,
    "fecha": "2026-01-30T00:00:52.971Z",
    "estado": "aprobada",
    "fechaAprobacion": "2026-01-30T00:06:42.067Z"
  },
  {
    "id": "1769731582596",
    "clientId": "gremio_cli_1769730967345",
    "cliente": {
      "nombre": "marcelo maidsna",
      "telefono": "+543424842417",
      "email": "marcelojmaidana@gmail.com",
      "direccion": "Ruperto Godoy 3362"
    },
    "productos": [
      {
        "id": "1769731527934",
        "tipo": "material",
        "categoria": "Lona Front 13 Oz",
        "producto": "90",
        "ancho": 778,
        "alto": 100,
        "cantidad": 1,
        "m2PorUnidad": 7.78,
        "m2Totales": 7.78,
        "costoMaterial": 1777.7777777777778,
        "costoUnitario": 13831.111111111111,
        "costoTotal": 13831.111111111111,
        "precioGremio": 9000,
        "precioUnitario": 70020,
        "total": 70020
      }
    ],
    "terceros": [
      {
        "id": "1769731559445",
        "tipo": "tercero",
        "nombre": "tensado",
        "cantidad": 1,
        "costo": 7000,
        "precioCliente": 14000,
        "unidad": "m²",
        "totalCosto": 7000,
        "total": 14000,
        "pagado": true,
        "fechaPago": "2026-01-30T01:42:45.877Z"
      }
    ],
    "costoTotal": 20831.11111111111,
    "subtotal": 84020,
    "iva": 17644.2,
    "totalCliente": 101664.2,
    "ganancia": 80833.08888888889,
    "anticipo": 0,
    "saldo": 101664.2,
    "fecha": "2026-01-30T00:06:22.596Z",
    "estado": "aprobada",
    "fechaAprobacion": "2026-01-30T00:06:34.713Z"
  },
  {
    "id": "1769734804568",
    "clientId": "gremio_cli_1769730967345",
    "cliente": {
      "nombre": "marcelo maidsna",
      "telefono": "+543424842417",
      "email": "marcelojmaidana@gmail.com",
      "direccion": "Ruperto Godoy 3362"
    },
    "productos": [
      {
        "id": "1769734754330",
        "tipo": "material",
        "categoria": "Lona Front 13 Oz",
        "producto": "107",
        "ancho": 245,
        "alto": 67,
        "cantidad": 1,
        "m2PorUnidad": 1.6415,
        "m2Totales": 1.6415,
        "costoMaterial": 1869.1588785046729,
        "costoUnitario": 3068.2242990654204,
        "costoTotal": 3068.2242990654204,
        "precioGremio": 9000,
        "precioUnitario": 14773.5,
        "total": 14773.5
      }
    ],
    "terceros": [
      {
        "id": "1769734786050",
        "tipo": "tercero",
        "nombre": "tensado",
        "empresa": "test 1",
        "cantidad": 1,
        "costo": 7000,
        "precioCliente": 14000,
        "unidad": "m²",
        "totalCosto": 7000,
        "total": 14000
      }
    ],
    "costoTotal": 10068.22429906542,
    "subtotal": 28773.5,
    "iva": 6042.4349999999995,
    "totalCliente": 34815.935,
    "ganancia": 24747.71070093458,
    "anticipo": 0,
    "saldo": 34815.935,
    "fecha": "2026-01-30T01:00:04.568Z",
    "estado": "pendiente"
  },
  {
    "id": "1769735813845",
    "clientId": "gremio_cli_1769730967345",
    "cliente": {
      "nombre": "marcelo maidsna",
      "telefono": "+543424842417",
      "email": "marcelojmaidana@gmail.com",
      "direccion": "Ruperto Godoy 3362"
    },
    "productos": [
      {
        "id": "1769735724013",
        "tipo": "material",
        "categoria": "Lona Front 13 Oz",
        "producto": "90",
        "ancho": 455,
        "alto": 100,
        "cantidad": 1,
        "m2PorUnidad": 4.55,
        "m2Totales": 4.55,
        "costoMaterial": 1777.7777777777778,
        "costoUnitario": 8088.888888888889,
        "costoTotal": 8088.888888888889,
        "precioGremio": 9000,
        "precioUnitario": 40950,
        "total": 40950
      }
    ],
    "terceros": [
      {
        "id": "1769735724011_t",
        "tipo": "tercero",
        "nombre": "tensado (455x100cm) (Vinculado)",
        "empresa": "test 1",
        "cantidad": 1,
        "ancho": 455,
        "alto": 100,
        "factorCalculo": 4.55,
        "costo": 7000,
        "precioCliente": 14000,
        "unidad": "m²",
        "totalCosto": 31850,
        "total": 63700
      }
    ],
    "costoTotal": 39938.88888888889,
    "subtotal": 104650,
    "iva": 21976.5,
    "totalCliente": 126626.5,
    "ganancia": 86687.61111111111,
    "anticipo": 0,
    "saldo": 126626.5,
    "fecha": "2026-01-30T01:16:53.845Z",
    "estado": "aprobada",
    "approved": true,
    "fechaAprobacion": "2026-01-30T01:17:08.357Z"
  },
  {
    "id": "1769736336871",
    "clientId": "gremio_cli_1769730967345",
    "cliente": {
      "nombre": "marcelo maidsna",
      "telefono": "+543424842417",
      "email": "marcelojmaidana@gmail.com",
      "direccion": "Ruperto Godoy 3362"
    },
    "productos": [
      {
        "id": "1769736313549",
        "tipo": "material",
        "categoria": "Lona Front 13 Oz",
        "producto": "90",
        "ancho": 132,
        "alto": 80,
        "cantidad": 1,
        "m2PorUnidad": 1.056,
        "m2Totales": 1.056,
        "costoMaterial": 1777.7777777777778,
        "costoUnitario": 1877.3333333333335,
        "costoTotal": 1877.3333333333335,
        "precioGremio": 9000,
        "precioUnitario": 9504,
        "total": 9504
      }
    ],
    "terceros": [
      {
        "id": "1769736313548_t",
        "tipo": "tercero",
        "nombre": "tensado (132x80cm) (Vinculado)",
        "empresa": "test 1",
        "cantidad": 1,
        "ancho": 132,
        "alto": 80,
        "factorCalculo": 1.056,
        "costo": 7000,
        "precioCliente": 14000,
        "unidad": "m²",
        "totalCosto": 7392,
        "total": 14784
      }
    ],
    "costoTotal": 9269.333333333334,
    "subtotal": 24288,
    "iva": 5100.48,
    "totalCliente": 29388.48,
    "ganancia": 20119.146666666667,
    "anticipo": 0,
    "saldo": 29388.48,
    "fecha": "2026-01-30T01:25:36.872Z",
    "estado": "aprobada",
    "approved": true,
    "fechaAprobacion": "2026-01-30T01:26:00.563Z"
  }
]