[
  {
    "id": 1769486294143,
    "categoria": "Lona Front 13 Oz",
    "productoNombre": "90",
    "ancho": 0.9,
    "largo": 50,
    "m2": 45,
    "precioRollo": 80000,
    "costoPorM2": 1777.7777777777778,
    "fecha": "2026-01-27T03:58:14.143Z"
  },
  {
    "id": 1769486337873,
    "categoria": "Lona Front 13 Oz",
    "productoNombre": "107",
    "ancho": 1.07,
    "largo": 50,
    "m2": 53.5,
    "precioRollo": 100000,
    "costoPorM2": 1869.1588785046729,
    "fecha": "2026-01-27T03:58:57.873Z"
  },
  {
    "id": 1769533183627,
    "categoria": "Vinilo",
    "productoNombre": "base gris",
    "ancho": 1.07,
    "largo": 50,
    "m2": 53.5,
    "precioRollo": 117200,
    "costoPorM2": 2190.654205607477,
    "fecha": "2026-01-27T16:59:43.627Z"
  },
  {
    "id": 1769533463088,
    "categoria": "Lona Front 13 Oz",
    "productoNombre": "90",
    "ancho": 0.009000000000000001,
    "largo": 50,
    "m2": 0.45000000000000007,
    "precioRollo": 800000,
    "costoPorM2": 1777777.7777777775,
    "fecha": "2026-01-27T17:04:23.088Z"
  },
  {
    "id": 1769769486636,
    "categoria": "Polifan",
    "productoNombre": "20mm",
    "ancho": 0.6,
    "largo": 125,
    "m2": 75,
    "precioRollo": 16000,
    "costoPorM2": 213.33333333333334,
    "fecha": "2026-01-30T10:38:06.636Z"
  }
]