[
  {
    "id": "1770255467543",
    "clientId": "gremio_1768760042986_pqjn58u2s",
    "cliente": {
      "nombre": "Gremio Galvez",
      "telefono": "",
      "email": "",
      "direccion": ""
    },
    "productos": [],
    "terceros": [],
    "multiCategories": {
      "categories": [
        {
          "id": "cat_1770255431415_80uj7cnj7",
          "name": "90",
          "costPerM2": 1823.4683281412254,
          "pricePerM2": 9000,
          "totalCost": 5225.88,
          "totalPrice": 25793.1,
          "margin": 20567.22,
          "m2": 2.8659
        },
        {
          "id": "cat_1770255453849_e42s18dhd",
          "name": "Laca",
          "costPerM2": 1000,
          "pricePerM2": 7000,
          "totalCost": 2865.9,
          "totalPrice": 20061.3,
          "margin": 17195.4,
          "m2": 2.8659
        }
      ],
      "sharedDimensions": {
        "width": 1.23,
        "height": 2.33,
        "totalM2": 2.8659
      },
      "inkPriceEnabled": true,
      "inkPricePerM2": 1200
    },
    "costoTotal": 8091.78,
    "subtotal": 49293.48,
    "iva": 0,
    "totalCliente": 49293.48,
    "ganancia": 41201.700000000004,
    "anticipo": 0,
    "saldo": 49293.48,
    "fecha": "2026-02-05T01:37:47.543Z",
    "estado": "aprobada",
    "approved": true,
    "fechaAprobacion": "2026-02-05T01:38:02.573Z"
  },
  {
    "id": "1770257382221",
    "clientId": "gremio_1768872212236_gsmp4tmxp",
    "cliente": {
      "nombre": "test",
      "telefono": "",
      "email": "",
      "direccion": ""
    },
    "productos": [],
    "terceros": [],
    "multiCategories": {
      "categories": [
        {
          "id": "cat_1770257352012_6kmkel37s",
          "name": "90",
          "costPerM2": 1823.4683281412254,
          "pricePerM2": 9000,
          "totalCost": 8114.43,
          "totalPrice": 40050,
          "margin": 31935.57,
          "m2": 4.45
        },
        {
          "id": "cat_1770257360310_rdwdoaqxk",
          "name": "Laca",
          "costPerM2": 1000,
          "pricePerM2": 7000,
          "totalCost": 4450,
          "totalPrice": 31150,
          "margin": 26700,
          "m2": 4.45
        }
      ],
      "sharedDimensions": {
        "width": 1,
        "height": 4.45,
        "totalM2": 4.45
      },
      "inkPriceEnabled": true,
      "inkPricePerM2": 1200
    },
    "costoTotal": 12564.43,
    "subtotal": 76540,
    "iva": 0,
    "totalCliente": 76540,
    "ganancia": 63975.57,
    "anticipo": 0,
    "saldo": 76540,
    "fecha": "2026-02-05T02:09:42.221Z",
    "estado": "aprobada",
    "approved": true,
    "fechaAprobacion": "2026-02-05T02:09:53.441Z"
  }
]