[
  {
    "productoId": "1769486294143",
    "categoria": "Lona Front 13 Oz",
    "producto": "90",
    "costo": 1823.4683281412254,
    "area": 45,
    "precioGremio": 9000,
    "precioCliente": 28000,
    "rentabilidadGremio": "406.25",
    "rentabilidadCliente": "1475.00",
    "createdAt": "2026-01-27T04:03:06.914Z",
    "id": "1769486586935",
    "updatedAt": "2026-01-27T04:04:07.382Z"
  },
  {
    "productoId": "1769486337873",
    "categoria": "Lona Front 13 Oz",
    "producto": "107",
    "costo": 1869.1588785046729,
    "area": 53.5,
    "precioGremio": 9000,
    "precioCliente": 28000,
    "rentabilidadGremio": "381.50",
    "rentabilidadCliente": "1398.00",
    "createdAt": "2026-01-27T04:03:45.021Z",
    "id": "1769486625037"
  },
  {
    "productoId": "1770248791786",
    "categoria": "Laqueado",
    "producto": "Laca",
    "costo": 1000,
    "area": 0.01,
    "precioGremio": 7000,
    "precioCliente": 7000,
    "rentabilidadGremio": "600.00",
    "rentabilidadCliente": "600.00",
    "createdAt": "2026-02-05T01:07:36.680Z",
    "id": "1770248955941"
  },
  {
    "productoId": "1770249057719",
    "categoria": "Tintas",
    "producto": "Tinta Marabu",
    "costo": 980,
    "area": 0.01,
    "precioGremio": 1200,
    "precioCliente": 1500,
    "rentabilidadGremio": "22.45",
    "rentabilidadCliente": "53.06",
    "createdAt": "2026-02-04T23:51:34.722Z",
    "id": "1770249095049"
  }
]