[
  {
    "id": 1769254285993,
    "descripcion": "vhgvj6",
    "monto": 898,
    "fecha": "2026-01-24"
  },
  {
    "id": "gasto_coti_1769731582596",
    "tipo": "egreso",
    "descripcion": "Costo Total - Coti Gremio #582596 (marcelo maidsna)",
    "monto": 20831.11111111111,
    "fecha": "2026-01-30T00:06:34.771Z",
    "categoria": "costo_venta_gremio"
  },
  {
    "id": "ingreso_coti_1769731582596",
    "tipo": "ingreso",
    "descripcion": "Venta Gremio - Coti #582596 (marcelo maidsna)",
    "monto": 101664.2,
    "fecha": "2026-01-30T00:06:34.771Z",
    "categoria": "venta_gremio"
  },
  {
    "id": "gasto_coti_1769731252971",
    "tipo": "egreso",
    "descripcion": "Costo Total - Coti Gremio #252971 (marcelo maidsna)",
    "monto": 9666.67,
    "fecha": "2026-01-30T00:06:42.169Z",
    "categoria": "costo_venta_gremio"
  },
  {
    "id": "ingreso_coti_1769731252971",
    "tipo": "ingreso",
    "descripcion": "Venta Gremio - Coti #252971 (marcelo maidsna)",
    "monto": 33275,
    "fecha": "2026-01-30T00:06:42.169Z",
    "categoria": "venta_gremio"
  },
  {
    "id": "gasto_coti_1769735813845",
    "tipo": "egreso",
    "descripcion": "Costo Total - Coti Gremio #813845 (marcelo maidsna)",
    "monto": 39938.88888888889,
    "fecha": "2026-01-30T01:17:08.446Z",
    "categoria": "costo_venta_gremio"
  },
  {
    "id": "ingreso_coti_1769735813845",
    "tipo": "ingreso",
    "descripcion": "Venta Gremio - Coti #813845 (marcelo maidsna)",
    "monto": 126626.5,
    "fecha": "2026-01-30T01:17:08.446Z",
    "categoria": "venta_gremio"
  },
  {
    "id": "gasto_coti_1769736336871",
    "tipo": "egreso",
    "descripcion": "Costo Total - Coti Gremio #336871 (marcelo maidsna)",
    "monto": 9269.333333333334,
    "fecha": "2026-01-30T01:26:00.674Z",
    "categoria": "costo_venta_gremio"
  },
  {
    "id": "ingreso_coti_1769736336871",
    "tipo": "ingreso",
    "descripcion": "Venta Gremio - Coti #336871 (marcelo maidsna)",
    "monto": 29388.48,
    "fecha": "2026-01-30T01:26:00.674Z",
    "categoria": "venta_gremio"
  },
  {
    "id": "gasto_coti_1770252488963",
    "tipo": "egreso",
    "descripcion": "Costo Total - Coti Gremio #488963 (marcelo maidsna)",
    "monto": 8033.64,
    "fecha": "2026-02-05T00:48:36.257Z",
    "categoria": "costo_venta_gremio"
  },
  {
    "id": "ingreso_coti_1770252488963",
    "tipo": "ingreso",
    "descripcion": "Venta Gremio - Coti #488963 (marcelo maidsna)",
    "monto": 53760,
    "fecha": "2026-02-05T00:48:36.257Z",
    "categoria": "venta_gremio"
  },
  {
    "id": "gasto_coti_1770253855543",
    "tipo": "egreso",
    "descripcion": "Costo Total - Coti Gremio #855543 (marcelo maidsna)",
    "monto": 144251,
    "fecha": "2026-02-05T01:11:07.518Z",
    "categoria": "costo_venta_gremio"
  },
  {
    "id": "gasto_coti_1770254442483",
    "tipo": "egreso",
    "descripcion": "Costo Total - Coti Gremio #442483 (marcelo maidsna)",
    "monto": 3783.45,
    "fecha": "2026-02-05T01:21:06.835Z",
    "categoria": "costo_venta_gremio"
  },
  {
    "id": "gasto_coti_1770255467543",
    "tipo": "egreso",
    "descripcion": "Costo Total - Coti Gremio #467543 (Gremio Galvez)",
    "monto": 8091.78,
    "fecha": "2026-02-05T01:38:03.464Z",
    "categoria": "costo_venta_gremio"
  },
  {
    "id": "gasto_coti_1770257382221",
    "tipo": "egreso",
    "descripcion": "Costo Total - Coti Gremio #382221 (test)",
    "monto": 12564.43,
    "fecha": "2026-02-05T02:09:53.602Z",
    "categoria": "costo_venta_gremio"
  }
]